{"cameraMode":{"drawMode":0,"name":"Shaded","section":"Shading Mode"},"sceneLighting":false,"audioPlay":false,"sceneViewState":{"m_AlwaysRefresh":false,"showFog":true,"showSkybox":false,"showFlares":true,"showImageEffects":true,"showParticleSystems":true,"showVisualEffectGraphs":true,"m_FxEnabled":true},"in2DMode":false,"pivot":{"x":8.2280912399292,"y":-0.6892502307891846,"z":5.480329990386963},"rotation":{"x":0.0029997716192156078,"y":0.008093166165053845,"z":0.00002435534588585142,"w":-0.99996018409729},"size":8.682943344116211,"orthographic":true}